Image	OCR
rmjoldfffj.jpg	UP14BC4988
rpnwddppct.jpg	DL1RTA7147
rrinswxdqs.jpg	UP14BD2936
rtbajzxhmc.jpg	HR51AC0135
rtcsnelapc.jpg	UP14BZ9764
ruoknsxenf.jpg	UP14CQ5782
rvgsakahfa.jpg	DLSAC4024
rvygjnhdep.jpg	UP14CA5960
rvzvriltkp.jpg	UP14CJ8188
rwqkjhfjzu.jpg	DL7SAR1745
rxpbwtwiso.jpg	DL35BD1629
rycwsuasju.jpg	UP14AY3851
rygbinolpm.jpg	UP14CS143
rzjhwlsxdl.jpg	UP14BB9258
sbetdgxttj.jpg	UP14DT5151
sccroiehfw.jpg	UP14CJ9499
sceigyjkwu.jpg	UP14CB6557
scoumdijjo.jpg	UP14AU9897
scrjxlfeov.jpg	UP14CD7767
sfbqrsplus.jpg	UP14CE3216
sgqoswhqss.jpg	HR26DP7501
shvgueggwn.jpg	UP14BZ6186
sidyjqkbdy.jpg	UP14BW7487
sjhczmnhje.jpg	DL5SBF0524
skmloornvb.jpg	TN09AZ7705
slfzauokaa.jpg	GJ1RA8132
slxztegotm.jpg	UP14CU3012B
soluuwrhyh.jpg	TN07Z2500
sooejsxqwi.jpg	UP14BL1618
sowdqfrwrl.jpg	UP14CN8330
sqogiutjrf.jpg	DL5SCB0210
srtnczdivb.jpg	HR26CT6078
ssodufafdj.jpg	MH13FY1935
swhpgmrecf.jpg	DL1RN3603
swivaxdytb.jpg	DL1RT7103
swzkkgflhl.jpg	HR26C06637
sxuawvnwge.jpg	UP14BE5711
synzqysfbo.jpg	DL5CQ5378B
szkikshyzs.jpg	DL7SBN6693
tbtujezhaz.jpg	UP14CP7183
tekgcltpsn.jpg	DL5SAH4115
tgiaaftsqv.jpg	UP14BH3199
tgwtuovent.jpg	UP14BW9463
thbtoiundj.jpg	UP14CL6275
thjhoazdbu.jpg	DL7CN9045
thlaghmcpp.jpg	DL9CAN4143
tlkvltmwst.jpg	PP30SS30
tlrcrapmpu.jpg	DL4CAU3396
tmipkfhljs.jpg	UP14CF7260
tmvtcxfawx.jpg	DL1CZ6079
todidywugb.jpg	DL7SAS6026
ttefhsbnnj.jpg	DL7SCJ5318
tuelkvkypi.jpg	HR51AS8656
tvcrzkylbp.jpg	HR51AT6966
tvktcdvbrm.jpg	72HR26CR3
twxuuiisay.jpg	UP14AW7148
twyxuztfdh.jpg	HR2653978B
ugiwwlxjhw.jpg	DL9SBC0670
uiwlijqnjf.jpg	UP14CR8397
ujdohpnkil.jpg	UP14CW9776
ujnvewjcwb.jpg	UP13BD1540
ujueukgoml.jpg	UP14CH5116
umnvxkxicy.jpg	UP11BL6239
uoozaahmim.jpg	DL8CR9613
upwxgxyliu.jpg	HR6T32C463
uqvtxtyxgb.jpg	DL7C02776B
urhmyaqpbb.jpg	UP14CV9731
ursppgszyw.jpg	DL3CBD2052B
uskunbugqk.jpg	UP14CB3263
uuyzqvbvye.jpg	UP14AP3488
uwsqiyjasl.jpg	MH12FY5920
uxukvhwcli.jpg	UP14CB1039
uyeohscrfo.jpg	UP13BT5668
uyvkxinqjk.jpg	UP14CQ5333
vagbpmuvho.jpg	HR26OP0198
vajigeqcbt.jpg	MH12FP8714
vbhqzwggdi.jpg	UP14OS582
vceibkujti.jpg	UP14CC5291
vcziqjaeox.jpg	MH12FY0367
vdaxauvtkx.jpg	UP14CQ4178
vddzofbwwe.jpg	UP14BB4803
vdgfknctcm.jpg	UP11U0098
vehtrjuonc.jpg	DL1JP5704
vfgdwdpjxp.jpg	UP14E900
vifnbbdpdc.jpg	DL5CJ5949
vkkbrhpokw.jpg	UP1FV8439
vkrgduxtgo.jpg	MH1FY
vmlikgabqz.jpg	TN10M5S54
vpcyriuozu.jpg	HR26CE0044
vpmzmmbyed.jpg	DL5SAA2142
vqgehydlsz.jpg	GJ23AF577
vqwgqkaplh.jpg	GJ1KG2754
vrdvyfmjei.jpg	DL7SBU4561
vtohhkgbjj.jpg	DL3CBC593
vtrbxgnglv.jpg	DL5SBA2029
vuuedretcm.jpg	UP14CD5998
vwhjiwixcd.jpg	UP1PBL8135
vxvdotvxpo.jpg	DL3TNP461
vysqnskivg.jpg	UP14BH9430
vzyyrhgqzr.jpg	DL3CBE1458
wfkdbjsfsp.jpg	MH01AV5711
wicehwnjmf.jpg	UP14CF1344
wihigmlgnp.jpg	DL8SBU6328
wjebzkwzez.jpg	TN09BK7357
wjpksqqurr.jpg	UP14CJ2820
wlbjlfuexd.jpg	DL3CAY5270
wlxbvdtazv.jpg	TN129637
wlyqgtzgly.jpg	HR26CS6553
wmbxaxovjv.jpg	UP13AV2890
wmfzcolxfw.jpg	DL7CR0847
wngxvxpkgu.jpg	DL5SCH5258
wnrsciohrd.jpg	UP14CK8446
wpxiiivmeb.jpg	1SDL1937
wpykjbivxj.jpg	DL7SBL5809
wvnvwizpcv.jpg	P15BD5U194
wvzczbwkgg.jpg	HR03K4891
wzuiebzolv.jpg	DL13CB0545
xcbqhjxwaw.jpg	UP14BH9026
xdvsromhww.jpg	DL5SCH1302
xdyxibxowg.jpg	MH12FU780
xfrchwbdpy.jpg	UP14CM8285
xgahdasifo.jpg	UP14CE9763
xgboydkemn.jpg	DL5SAK1278
xgmkatgvax.jpg	UP14BA9313
xhwqatibqc.jpg	UP14CQ7644
xlgjxqkrxe.jpg	UP14BK8306
xlljszmjnm.jpg	UP14BC2028
xmrtkcqozj.jpg	UP14CE0236
xmtuiqykss.jpg	DL12CE9352
xnbgwrzbqo.jpg	DL4CNC3562
xopfmwmnhp.jpg	DL7CD8597
xoqnzhqvio.jpg	DL1B6896
xqpbrwjvtu.jpg	UP14DU015
xrkwdmmvzz.jpg	UP14AZ1476
xsiuccfyft.jpg	UP14BU4576
xspzbxqbcy.jpg	DL2SP4185
xsynrdvedc.jpg	DL10CG4155
xviahbpdxu.jpg	UP14BC3998
xxrqsoyett.jpg	DL3CP0
xxvkdurple.jpg	UP14BZ7824
xyiygdnwgr.jpg	HR26CS2180
yaslpgvlhk.jpg	UP14CP6045
yauamvkokw.jpg	UP14OU0002
yblaktxewd.jpg	UP14CK4437
ycgkzmgxzg.jpg	UP14SN1423
yenycfrurm.jpg	HR51AP0909
yewxspfzxi.jpg	DL9SAH4742
yfizfwigvn.jpg	TN10AJ1863
yfptvjvrvd.jpg	PF93
ygfgtpxbpp.jpg	DL8CAM9531
ygtsaoxhtf.jpg	UP14CJ2261
yiqgzyvwlg.jpg	HR26CE0199
ymuytkpihr.jpg	DL3CAZ3091
ynehqpwwsb.jpg	UP14CC4076
yohyvwrdhl.jpg	UP14CQ3792
ypfizddgmg.jpg	TN1983753
yptkfkdrtt.jpg	DL14C04696
ypzmxdorfd.jpg	HRM50926D2
yqernamedy.jpg	DL3CAU1495
yqkkdofzsj.jpg	UP14CW7388
yrrwvqgqzh.jpg	DL7SBU4561
ytdcctvjfq.jpg	UP14BS9939
yueredgkem.jpg	UP4BY7290
ywopracyfs.jpg	HR55AA4232
ywsrdedpwt.jpg	UP14BU8354
yxexmldlhv.jpg	UP14CV2885
yymynhspsr.jpg	UP14BA9252
yyqhlvvyyp.jpg	TN07BF5202
yyweaxnftk.jpg	HR51BC9015
yzgcvlzdgs.jpg	MH12F1P
yzuycsbqbv.jpg	UP14BF5975
zansvqjboq.jpg	UP11DW4032
zasmgjrsxx.jpg	HR55AB4419
zcszydscxb.jpg	DL1PC6571
zdskflruax.jpg	TN07BZ8242
zfftvnknlw.jpg	UP14CE3304
zgvctiemjd.jpg	GJ1RB255
zgzfqzpiap.jpg	DL7SAJ3603
zhqodfsisx.jpg	UP14CB7320
zitfcdnltr.jpg	HR26CD9340B
ziwgulrrha.jpg	DL1RTA5388
zjtwztimdg.jpg	MH01AR9025
zlihmdgveo.jpg	DL5CK9634
zlskhfxdpi.jpg	UP14CH3266
zmsiofxsgp.jpg	UP14CR0379
zmsixvfrnz.jpg	UP14CJ17408
znijvvdybb.jpg	UP14BH1493
zonkmlxluq.jpg	MH12FU8015
zoswnmoodv.jpg	MH12FU5326
zpecdqivli.jpg	UP14C2641
zpewjjzhhm.jpg	UP13AT4658
zpfmzwwllb.jpg	TN07BT3859
zqjmlslzwz.jpg	UP14AU2823
zwxjnitcmt.jpg	UP14AY4699
zwzgvqukem.jpg	UP14AR9664
zxdowzagce.jpg	UP14BZ0736
zxwkfhthzj.jpg	UP14BX4944
zzihcfrqub.jpg	UP13AK7055
zzlnmaqbic.jpg	HR26D00754
zzuuycambi.jpg	DL9SBN2826
